﻿<?xml version="1.0" encoding="utf-8"?>
<Resources>
  <ResourceClass name="Ctd-Library">
    <Languages>
      <Language cultureName="en">
        <data name="DisplayName" xml:space="preserve">
          <value>Library</value>
        </data>
        <data name="Description" xml:space="preserve">
          <value>A base class for special List types for storing documents such as Document Library or Image Library.</value>
        </data>
        <data name="LibraryInheritableVersioningMode-Description" xml:space="preserve">
          <value>Specify whether the system should create a new version whenever you create or modify a content under this library.</value>
        </data>
        <data name="LibraryInheritableApprovingMode-Description" xml:space="preserve">
          <value>Specify whether new or changed content under this library should remain draft until approved.</value>
        </data>
      </Language>
      <Language cultureName="hu">
        <data name="DisplayName" xml:space="preserve">
          <value>Könyvtár</value>
        </data>
        <data name="Description" xml:space="preserve">
          <value>Speciális lista típus, amely olyan listák őséül szolgál, amelyek gyermekelemei dokumentumok vagy képek.</value>
        </data>
        <data name="LibraryInheritableVersioningMode-Description" xml:space="preserve">
          <value>Adja meg, hogy rendszer hozzon-e létre új verziót minden egyes alkalommal, ha valaki módosít egy tartalmat a könyvtár alatt.</value>
        </data>
        <data name="LibrarynheritableApprovingMode-Description" xml:space="preserve">
          <value>Adja meg, hogy az új vagy módosított tartalmakat a könyvtár alatt jóvá kell-e hagyni, mielőtt megjelennek publikusan.</value>
        </data>
      </Language>
    </Languages>
  </ResourceClass>
  <ResourceClass name="Ctd-ListItem">
    <Languages>
      <Language cultureName="en">
        <data name="DisplayName" xml:space="preserve">
          <value>List Item</value>
        </data>
        <data name="Description" xml:space="preserve">
          <value>Base content type for list items.</value>
        </data>
      </Language>
      <Language cultureName="hu">
        <data name="DisplayName" xml:space="preserve">
          <value>Listaelem</value>
        </data>
        <data name="Description" xml:space="preserve">
          <value>Alap listaelem típus.</value>
        </data>
      </Language>
    </Languages>
  </ResourceClass>
  <ResourceClass name="Ctd-LoggingSettings">
    <Languages>
      <Language cultureName="en">
        <data name="DisplayName" xml:space="preserve">
          <value>Logging settings</value>
        </data>
        <data name="Description" xml:space="preserve">
          <value></value>
        </data>
      </Language>
      <Language cultureName="hu">
        <data name="DisplayName" xml:space="preserve">
          <value>Logolás beállítások</value>
        </data>
        <data name="Description" xml:space="preserve">
          <value></value>
        </data>
      </Language>
    </Languages>
  </ResourceClass>
  <ResourceClass name="Ctd-Memo">
    <Languages>
      <Language cultureName="en">
        <data name="DisplayName" xml:space="preserve">
          <value>Memo</value>
        </data>
        <data name="Description" xml:space="preserve">
          <value>A content type for short memos or posts on a subject.</value>
        </data>
        <data name="Description-DisplayName" xml:space="preserve">
          <value>Body</value>
        </data>
        <data name="Description-Description" xml:space="preserve">
          <value>Type your message here.</value>
        </data>
        <data name="Date-DisplayName" xml:space="preserve">
          <value>Date</value>
        </data>
        <data name="Date-Description" xml:space="preserve">
          <value>Please set the due date of the memo.</value>
        </data>
        <data name="MemoType-DisplayName" xml:space="preserve">
          <value>Memo type</value>
        </data>
        <data name="MemoType-Description" xml:space="preserve">
          <value>Type of the memo.</value>
        </data>
        <data name="MemoType-generic" xml:space="preserve">
          <value>Generic</value>
        </data>
        <data name="MemoType-iso" xml:space="preserve">
          <value>ISO</value>
        </data>
        <data name="MemoType-iaudit" xml:space="preserve">
          <value>Internal audit</value>
        </data>
        <data name="SeeAlso-DisplayName" xml:space="preserve">
          <value>See also...</value>
        </data>
        <data name="SeeAlso-Description" xml:space="preserve">
          <value>A list of content this memo pertains to.</value>
        </data>
      </Language>
      <Language cultureName="hu">
        <data name="DisplayName" xml:space="preserve">
          <value>Emlékeztető</value>
        </data>
        <data name="Description" xml:space="preserve">
          <value>Tartalom típus rövid emlékeztetők tárolására.</value>
        </data>
        <data name="Description-DisplayName" xml:space="preserve">
          <value>Törzsszöveg</value>
        </data>
        <data name="Description-Description" xml:space="preserve">
          <value>Írja ide az emlékeztető szövegét.</value>
        </data>
        <data name="Date-DisplayName" xml:space="preserve">
          <value>Dátum</value>
        </data>
        <data name="Date-Description" xml:space="preserve">
          <value>Állítsa be az emlékeztető lejárati dátumát.</value>
        </data>
        <data name="MemoType-DisplayName" xml:space="preserve">
          <value>Emlékeztető típusa</value>
        </data>
        <data name="MemoType-Description" xml:space="preserve">
          <value></value>
        </data>
        <data name="MemoType-generic" xml:space="preserve">
          <value>Általános</value>
        </data>
        <data name="MemoType-iso" xml:space="preserve">
          <value>ISO</value>
        </data>
        <data name="MemoType-iaudit" xml:space="preserve">
          <value>Belső audit</value>
        </data>
        <data name="SeeAlso-DisplayName" xml:space="preserve">
          <value>Lásd még...</value>
        </data>
        <data name="SeeAlso-Description" xml:space="preserve">
          <value>Vonatkozó emlékeztetők.</value>
        </data>
      </Language>
    </Languages>
  </ResourceClass>
  <ResourceClass name="Ctd-MemoList">
    <Languages>
      <Language cultureName="en">
        <data name="DisplayName" xml:space="preserve">
          <value>Memo List</value>
        </data>
        <data name="Description" xml:space="preserve">
          <value>A List type for storing Memos.</value>
        </data>
      </Language>
      <Language cultureName="hu">
        <data name="DisplayName" xml:space="preserve">
          <value>Emlékeztető lista</value>
        </data>
        <data name="Description" xml:space="preserve">
          <value>Lista emlékeztető típusú elemek tárolására.</value>
        </data>
      </Language>
    </Languages>
  </ResourceClass>
</Resources>
