﻿<?xml version="1.0" encoding="utf-8"?>
<Resources>
  <ResourceClass name="Ctd-Query">
    <Languages>
      <Language cultureName="en">
        <data name="DisplayName" xml:space="preserve">
          <value>Query</value>
        </data>
        <data name="Description" xml:space="preserve">
          <value>Content Type for storing Content Queries</value>
        </data>
        <data name="Query-DisplayName" xml:space="preserve">
          <value>Query</value>
        </data>
        <data name="Query-Description" xml:space="preserve">
          <value>Query text.</value>
        </data>
        <data name="QueryType-DisplayName" xml:space="preserve">
          <value>Query type</value>
        </data>
        <data name="QueryType-Description" xml:space="preserve">
          <value>Public queries are stored under the workspace, private queries are stored under the user profile.</value>
        </data>
        <data name="QueryType-NonDefined" xml:space="preserve">
          <value>Unknown</value>
        </data>
        <data name="QueryType-Public" xml:space="preserve">
          <value>Public</value>
        </data>
        <data name="QueryType-Private" xml:space="preserve">
          <value>Private</value>
        </data>
      </Language>
      <Language cultureName="hu">
        <data name="DisplayName" xml:space="preserve">
          <value>Lekérdezés</value>
        </data>
        <data name="Description" xml:space="preserve">
          <value>Lekérdezések (Content Query) tárolására szolgáló típus.</value>
        </data>
        <data name="Query-DisplayName" xml:space="preserve">
          <value>Lekérdezés</value>
        </data>
        <data name="Query-Description" xml:space="preserve">
          <value>Lekérdezés szövege</value>
        </data>
        <data name="QueryType-DisplayName" xml:space="preserve">
          <value>Query típus</value>
        </data>
        <data name="QueryType-Description" xml:space="preserve">
          <value>A publikus lekérdezéseket a munkaterület alatt, a privát lekérdezéseket a felhasználói profil alatt tároljuk.</value>
        </data>
        <data name="QueryType-NonDefined" xml:space="preserve">
          <value>Ismeretlen</value>
        </data>
        <data name="QueryType-Public" xml:space="preserve">
          <value>Publikus</value>
        </data>
        <data name="QueryType-Private" xml:space="preserve">
          <value>Privát</value>
        </data>
      </Language>
    </Languages>
  </ResourceClass>
</Resources>
