<ContentType name="ImgResizeApplication" parentType="Application" handler="SenseNet.Portal.ApplicationModel.ImgResizeApplication" xmlns="http://schemas.sensenet.com/SenseNet/ContentRepository/ContentTypeDefinition">
  <DisplayName>$Ctd-ImgResizeApplication,DisplayName</DisplayName>
  <Description>$Ctd-ImgResizeApplication,Description</Description>
  <Icon>Application</Icon>
  <Fields>
    <Field name="ResizeTypeMode" type="Choice">
      <DisplayName>$Ctd-ImgResizeApplication,ResizeTypeMode-DisplayName</DisplayName>
      <Description>$Ctd-ImgResizeApplication,ResizeTypeMode-Description</Description>
      <Configuration>
        <AllowMultiple>false</AllowMultiple>
        <Options>
          <Option selected="true" value="Resize">$Ctd-ImgResizeApplication,ResizeTypeMode-Resize</Option>
          <Option value="Crop">$Ctd-ImgResizeApplication,ResizeTypeMode-Crop</Option>
        </Options>
      </Configuration>
    </Field>
    <Field name="ImageType" type="Choice">
      <DisplayName>$Ctd-ImgResizeApplication,ImageType-DisplayName</DisplayName>
      <Description>$Ctd-ImgResizeApplication,ImageType-Description</Description>
      <Configuration>
        <AllowMultiple>false</AllowMultiple>
        <Options>
          <Option value="Binary">$Ctd-ImgResizeApplication,ImageType-Binary</Option>
          <Option value="Reference">$Ctd-ImgResizeApplication,ImageType-Reference</Option>
          <Option value="ImageData">$Ctd-ImgResizeApplication,ImageType-ImageData</Option>
          <Option value="Attachment">$Ctd-ImgResizeApplication,ImageType-Attachment</Option>
        </Options>
      </Configuration>
    </Field>
    <Field name="ImageFieldName" type="ShortText">
      <DisplayName>$Ctd-ImgResizeApplication,ImageFieldName-DisplayName</DisplayName>
      <Description>$Ctd-ImgResizeApplication,ImageFieldName-Description</Description>
    </Field>
    <Field name="Width" type="Integer">
      <DisplayName>$Ctd-ImgResizeApplication,Width-DisplayName</DisplayName>
      <Description>$Ctd-ImgResizeApplication,Width-Description</Description>
    </Field>
    <Field name="Height" type="Integer">
      <DisplayName>$Ctd-ImgResizeApplication,Height-DisplayName</DisplayName>
      <Description>$Ctd-ImgResizeApplication,Height-Description</Description>
    </Field>
    <Field name="Stretch" type="Boolean">
      <DisplayName>$Ctd-ImgResizeApplication,Stretch-DisplayName</DisplayName>
      <Description>$Ctd-ImgResizeApplication,Stretch-Description</Description>
      <Configuration>
        <Visible>true</Visible>
        <DefaultValue>false</DefaultValue>
      </Configuration>
    </Field>
    <Field name="OutputFormat" type="Choice">
      <DisplayName>$Ctd-ImgResizeApplication,OutputFormat-DisplayName</DisplayName>
      <Description>$Ctd-ImgResizeApplication,OutputFormat-Description</Description>
      <Configuration>
        <AllowMultiple>False</AllowMultiple>
        <VisibleNew>Advanced</VisibleNew>
        <VisibleEdit>Advanced</VisibleEdit>
        <VisibleBrowse>Advanced</VisibleBrowse>
        <Options>
          <Option selected="true" value="Auto">$Ctd-ImgResizeApplication,OutputFormat-Auto</Option>
          <Option value="Jpeg">$Ctd-ImgResizeApplication,OutputFormat-Jpeg</Option>
          <Option value="Png">$Ctd-ImgResizeApplication,OutputFormat-Png</Option>
          <Option value="Gif">$Ctd-ImgResizeApplication,OutputFormat-Gif</Option>
          <Option value="Icon">$Ctd-ImgResizeApplication,OutputFormat-Icon</Option>
          <Option value="Tiff">$Ctd-ImgResizeApplication,OutputFormat-Tiff</Option>
        </Options>
      </Configuration>
    </Field>
    <Field name="SmoothingMode" type="Choice">
      <DisplayName>$Ctd-ImgResizeApplication,SmoothingMode-DisplayName</DisplayName>
      <Description>$Ctd-ImgResizeApplication,SmoothingMode-Description</Description>
      <Configuration>
        <AllowMultiple>False</AllowMultiple>
        <VisibleNew>Advanced</VisibleNew>
        <VisibleEdit>Advanced</VisibleEdit>
        <VisibleBrowse>Advanced</VisibleBrowse>
        <Options>
          <Option selected="true" value="AntiAlias">$Ctd-ImgResizeApplication,SmoothingMode-AntiAlias</Option>
          <Option value="Default">$Ctd-ImgResizeApplication,SmoothingMode-Default</Option>
          <Option value="HighQuality">$Ctd-ImgResizeApplication,SmoothingMode-HighQuality</Option>
          <Option value="HighSpeed">$Ctd-ImgResizeApplication,SmoothingMode-HighSpeed</Option>
          <Option value="Invalid">$Ctd-ImgResizeApplication,SmoothingMode-Invalid</Option>
          <Option value="None">$Ctd-ImgResizeApplication,SmoothingMode-None</Option>
        </Options>
      </Configuration>
    </Field>
    <Field name="InterpolationMode" type="Choice">
      <DisplayName>$Ctd-ImgResizeApplication,InterpolationMode-DisplayName</DisplayName>
      <Description>$Ctd-ImgResizeApplication,InterpolationMode-Description</Description>
      <Configuration>
        <AllowMultiple>False</AllowMultiple>
        <VisibleNew>Advanced</VisibleNew>
        <VisibleEdit>Advanced</VisibleEdit>
        <VisibleBrowse>Advanced</VisibleBrowse>
        <Options>
          <Option value="Invalid">$Ctd-ImgResizeApplication,InterpolationMode-Invalid</Option>
          <Option value="Default">$Ctd-ImgResizeApplication,InterpolationMode-Default</Option>
          <Option value="Low">$Ctd-ImgResizeApplication,InterpolationMode-Low</Option>
          <Option value="High">$Ctd-ImgResizeApplication,InterpolationMode-High</Option>
          <Option value="Bilinear">$Ctd-ImgResizeApplication,InterpolationMode-Bilinear</Option>
          <Option value="Bicubic">$Ctd-ImgResizeApplication,InterpolationMode-Bicubic</Option>
          <Option value="NearestNeighbor">$Ctd-ImgResizeApplication,InterpolationMode-NearestNeighbor</Option>
          <Option value="HighQualityBilinear">$Ctd-ImgResizeApplication,InterpolationMode-HighQualityBilinear</Option>
          <Option selected="true" value="HighQualityBicubic">$Ctd-ImgResizeApplication,InterpolationMode-HighQualityBicubic</Option>
        </Options>
      </Configuration>
    </Field>
    <Field name="PixelOffsetMode" type="Choice">
      <DisplayName>$Ctd-ImgResizeApplication,PixelOffsetMode-DisplayName</DisplayName>
      <Description>$Ctd-ImgResizeApplication,PixelOffsetMode-Description</Description>
      <Configuration>
        <AllowMultiple>False</AllowMultiple>
        <VisibleNew>Advanced</VisibleNew>
        <VisibleEdit>Advanced</VisibleEdit>
        <VisibleBrowse>Advanced</VisibleBrowse>
        <Options>
          <Option value="Invalid">$Ctd-ImgResizeApplication,PixelOffsetMode-Invalid</Option>
          <Option value="Default">$Ctd-ImgResizeApplication,PixelOffsetMode-Default</Option>
          <Option value="HighSpeed">$Ctd-ImgResizeApplication,PixelOffsetMode-HighSpeed</Option>
          <Option selected="true" value="HighQuality">$Ctd-ImgResizeApplication,PixelOffsetMode-HighQuality</Option>
          <Option value="None">$Ctd-ImgResizeApplication,PixelOffsetMode-None</Option>
          <Option value="Half">$Ctd-ImgResizeApplication,PixelOffsetMode-Half</Option>
        </Options>
      </Configuration>
    </Field>
    <Field name="CropHAlign" type="Choice">
      <DisplayName>$Ctd-ImgResizeApplication,CropHAlign-DisplayName</DisplayName>
      <Description>$Ctd-ImgResizeApplication,CropHAlign-Description</Description>
      <Configuration>
        <AllowMultiple>False</AllowMultiple>
        <AllowExtraValue>true</AllowExtraValue>
        <VisibleNew>Advanced</VisibleNew>
        <VisibleEdit>Advanced</VisibleEdit>
        <VisibleBrowse>Advanced</VisibleBrowse>
        <Options>
          <Option selected="true" value="Left">$Ctd-ImgResizeApplication,CropHAlign-Left</Option>
          <Option value="Center">$Ctd-ImgResizeApplication,CropHAlign-Center</Option>
          <Option value="Right">$Ctd-ImgResizeApplication,CropHAlign-Right</Option>
        </Options>
      </Configuration>
    </Field>
    <Field name="CropVAlign" type="Choice">
      <DisplayName>$Ctd-ImgResizeApplication,CropVAlign-DisplayName</DisplayName>
      <Description>$Ctd-ImgResizeApplication,CropVAlign-Description</Description>
      <Configuration>
        <AllowMultiple>False</AllowMultiple>
        <AllowExtraValue>true</AllowExtraValue>
        <VisibleNew>Advanced</VisibleNew>
        <VisibleEdit>Advanced</VisibleEdit>
        <VisibleBrowse>Advanced</VisibleBrowse>
        <Options>
          <Option selected="true" value="Top">$Ctd-ImgResizeApplication,CropVAlign-Top</Option>
          <Option value="Center">$Ctd-ImgResizeApplication,CropVAlign-Center</Option>
          <Option value="Bottom">$Ctd-ImgResizeApplication,CropVAlign-Bottom</Option>
        </Options>
      </Configuration>
    </Field>
  </Fields>
</ContentType>