﻿<ContentType name="IndexingSettings" parentType="Settings" handler="SenseNet.Search.IndexingSettings" xmlns="http://schemas.sensenet.com/SenseNet/ContentRepository/ContentTypeDefinition">
  <DisplayName>$Ctd-IndexingSettings,DisplayName</DisplayName>
  <Description>$Ctd-IndexingSettings,Description</Description>
  <Icon>Settings</Icon>
  <Fields>
    <Field name="TextExtractorInstances" type="TextExtractors">
      <DisplayName>$Ctd-IndexingSettings,TextExtractorInstances-DisplayName</DisplayName>
      <Description>$Ctd-IndexingSettings,TextExtractorInstances-Description</Description>
      <Configuration>
        <VisibleBrowse>Hide</VisibleBrowse>
        <VisibleEdit>Hide</VisibleEdit>
        <VisibleNew>Hide</VisibleNew>
        <ReadOnly>true</ReadOnly>
      </Configuration>
    </Field>
  </Fields>
</ContentType>
