<?xml version="1.0" encoding="utf-8"?>
<ContentType name="ListItem" parentType="GenericContent" handler="SenseNet.ContentRepository.GenericContent" xmlns="http://schemas.sensenet.com/SenseNet/ContentRepository/ContentTypeDefinition">
  <DisplayName>$Ctd-ListItem,DisplayName</DisplayName>
  <Description>$Ctd-ListItem,Description</Description>
  <Icon>FormItem</Icon>
  <Fields>
    <Field name="Description" type="LongText">
      <Configuration>
        <OutputMethod>Html</OutputMethod>
      </Configuration>
    </Field>
    <Field name="ModifiedBy" type="Reference">
      <Configuration>
        <VisibleBrowse>Hide</VisibleBrowse>
        <VisibleEdit>Advanced</VisibleEdit>
        <VisibleNew>Hide</VisibleNew>
      </Configuration>
    </Field>
    <Field name="ModificationDate" type="DateTime">
      <Configuration>
        <VisibleBrowse>Hide</VisibleBrowse>
        <VisibleEdit>Advanced</VisibleEdit>
        <VisibleNew>Hide</VisibleNew>
      </Configuration>
    </Field>
  </Fields>
</ContentType>