﻿<?xml version="1.0" encoding="utf-8"?>
<ContentType name="Site" parentType="Workspace" handler="SenseNet.Portal.Site" xmlns="http://schemas.sensenet.com/SenseNet/ContentRepository/ContentTypeDefinition">
  <DisplayName>$Ctd-Site,DisplayName</DisplayName>
  <Description>$Ctd-Site,Description</Description>
  <Icon>Site</Icon>
  <AllowedChildTypes>
    Folder,Workspace,
    Profiles,Image,DocumentLibrary,ImageLibrary,EventList,MemoList,
    LinkList,TaskList,Form,CustomList,SmartFolder
  </AllowedChildTypes>
  <Fields>
    <Field name="DisplayName" type="ShortText">
      <DisplayName>$Ctd-Site,DisplayName-DisplayName</DisplayName>
      <Description>$Ctd-Site,DisplayName-Description</Description>
    </Field>
    <Field name="Language" type="Choice">
      <DisplayName>$Ctd-Site,Language-DisplayName</DisplayName>
      <Description>$Ctd-Site,Language-Description</Description>
      <Configuration>
        <AllowMultiple>false</AllowMultiple>
        <AllowExtraValue>false</AllowExtraValue>
        <Options>
          <Option value="en" selected='true'>$Ctd-Site,Language-En</Option>
          <Option value="hu">$Ctd-Site,Language-Hu</Option>
        </Options>
      </Configuration>
    </Field>
    <Field name="EnableClientBasedCulture" type="Boolean">
      <DisplayName>$Ctd-Site,EnableClientBasedCulture-DisplayName</DisplayName>
      <Description>$Ctd-Site,EnableClientBasedCulture-Description</Description>
    </Field>
    <Field name="EnableUserBasedCulture" type="Boolean">
      <DisplayName>$Ctd-Site,EnableUserBasedCulture-DisplayName</DisplayName>
      <Description>$Ctd-Site,EnableUserBasedCulture-Description</Description>
    </Field>
    <Field name="UrlList" type="UrlList">
      <DisplayName>$Ctd-Site,UrlList-DisplayName</DisplayName>
      <Description>$Ctd-Site,UrlList-Description</Description>
    </Field>
    <Field name="StartPage" type="Reference">
      <DisplayName>$Ctd-Site,StartPage-DisplayName</DisplayName>
      <Description>$Ctd-Site,StartPage-Description</Description>
      <Configuration>
        <AllowMultiple>false</AllowMultiple>
        <SelectionRoot>
          <Path>.</Path>
        </SelectionRoot>
      </Configuration>
    </Field>
    <Field name="LoginPage" type="Reference">
      <DisplayName>$Ctd-Site,LoginPage-DisplayName</DisplayName>
      <Description>$Ctd-Site,LoginPage-Description</Description>
      <Configuration>
        <AllowMultiple>false</AllowMultiple>
        <SelectionRoot>
          <Path>.</Path>
        </SelectionRoot>
      </Configuration>
    </Field>
    <Field name="IsActive" type="Boolean">
      <Configuration>
        <VisibleBrowse>Hide</VisibleBrowse>
        <VisibleEdit>Hide</VisibleEdit>
        <VisibleNew>Hide</VisibleNew>
      </Configuration>
    </Field>
    <Field name="SiteSkin" type="Reference">
      <DisplayName>$Ctd-Site,SiteSkin-DisplayName</DisplayName>
      <Description>$Ctd-Site,SiteSkin-Description</Description>
      <Configuration>
        <AllowMultiple>false</AllowMultiple>
        <AllowedTypes>
          <Type>Skin</Type>
        </AllowedTypes>
        <SelectionRoot>
          <Path>/Root/Skins</Path>
        </SelectionRoot>
      </Configuration>
    </Field>
    <Field name="WorkspaceSkin" type="Reference">
      <Configuration>
        <VisibleBrowse>Hide</VisibleBrowse>
        <VisibleEdit>Hide</VisibleEdit>
        <VisibleNew>Hide</VisibleNew>
      </Configuration>
    </Field>
    <Field name="IsWallContainer" type="Boolean">
      <Configuration>
        <VisibleBrowse>Hide</VisibleBrowse>
        <VisibleEdit>Hide</VisibleEdit>
        <VisibleNew>Hide</VisibleNew>
      </Configuration>
    </Field>
    <Field name="IsCritical" type="Boolean">
      <Configuration>
        <VisibleBrowse>Hide</VisibleBrowse>
        <VisibleEdit>Hide</VisibleEdit>
        <VisibleNew>Hide</VisibleNew>
      </Configuration>
    </Field>
    <Field name="Manager" type="Reference">
      <Configuration>
        <VisibleBrowse>Hide</VisibleBrowse>
        <VisibleEdit>Hide</VisibleEdit>
        <VisibleNew>Hide</VisibleNew>
      </Configuration>
    </Field>
    <Field name="Deadline" type="DateTime">
      <Configuration>
        <VisibleBrowse>Hide</VisibleBrowse>
        <VisibleEdit>Hide</VisibleEdit>
        <VisibleNew>Hide</VisibleNew>
      </Configuration>
    </Field>
    <Field name="DenyCrossSiteAccess" type="Boolean">
      <DisplayName>$Ctd-Site,DenyCrossSiteAccess-DisplayName</DisplayName>
      <Description>$Ctd-Site,DenyCrossSiteAccess-Description</Description>
      <Configuration>
        <VisibleBrowse>Show</VisibleBrowse>
        <VisibleEdit>Show</VisibleEdit>
        <VisibleNew>Show</VisibleNew>
      </Configuration>
    </Field>
    <Field name="InheritableVersioningMode" type="InheritableVersioningMode">
      <DisplayName>$Ctd-GenericContent,InheritableVersioningMode-DisplayName</DisplayName>
      <Description>$Ctd-Site,SiteInheritableVersioningMode-Description</Description>
      <Configuration>
        <VisibleBrowse>Hide</VisibleBrowse>
        <VisibleEdit>Show</VisibleEdit>
        <VisibleNew>Show</VisibleNew>
        <AllowMultiple>false</AllowMultiple>
        <AllowExtraValue>false</AllowExtraValue>
        <ControlHint>sn:VersioningModeChoice</ControlHint>
        <Options>
          <Option selected="true" value="0">$Ctd-GenericContent,InheritableVersioningMode-0</Option>
          <Option value="1">$Ctd-GenericContent,InheritableVersioningMode-1</Option>
          <Option value="2">$Ctd-GenericContent,InheritableVersioningMode-2</Option>
          <Option value="3">$Ctd-GenericContent,InheritableVersioningMode-3</Option>
        </Options>
      </Configuration>
    </Field>

    <Field name="InheritableApprovingMode" type="InheritableApprovingMode">
      <DisplayName>$Ctd-GenericContent,InheritableApprovingMode-DisplayName</DisplayName>
      <Description>$Ctd-Site,SiteInheritableApprovingMode-Description</Description>
      <Configuration>
        <VisibleBrowse>Hide</VisibleBrowse>
        <VisibleEdit>Show</VisibleEdit>
        <VisibleNew>Show</VisibleNew>
        <AllowMultiple>false</AllowMultiple>
        <AllowExtraValue>false</AllowExtraValue>
        <ControlHint>sn:ApprovingModeChoice</ControlHint>
        <Options>
          <Option selected="true" value="0">$Ctd-GenericContent,InheritableApprovingMode-0</Option>
          <Option value="1">$Ctd-GenericContent,InheritableApprovingMode-1</Option>
          <Option value="2">$Ctd-GenericContent,InheritableApprovingMode-2</Option>
        </Options>
      </Configuration>
    </Field>
  </Fields>
</ContentType>
