<Package type='Tool'>
  <Id>SenseNet.Index</Id>
  <Description>sensenet ECM tool for rebuilding the index for a subtree or the whole Content Repository.</Description>
  <ReleaseDate>2017-04-05</ReleaseDate>
  <Version>7.0.0</Version>
  <Dependencies>
    <Dependency id='SenseNet.Services' minVersion='7.0.0' />
  </Dependencies>
  <Parameters>
    <Parameter name="@path" description="Subtree path to rebuild the index for. Default: the whole Content Repository." />
    <Parameter name="@backup" description="Whether to compress and insert the new index into the database.">true</Parameter>
  </Parameters>
  <Steps>
    <Phase>
      <StartRepository StartLuceneManager="false" StartWorkflowEngine="false" />
      <PopulateIndex Path="@path" Backup="@backup" />
    </Phase>
  </Steps>
</Package>