<?xml version="1.0" encoding="utf-8"?>
<ContentType name="Domain" parentType="Folder" handler="SenseNet.ContentRepository.Domain" xmlns="http://schemas.sensenet.com/SenseNet/ContentRepository/ContentTypeDefinition">
  <DisplayName>$Ctd-Domain,DisplayName</DisplayName>
  <Description>$Ctd-Domain,Description</Description>
  <Icon>Domain</Icon>
  <AllowedChildTypes>
    User,RegisteredUser,Group,OrganizationalUnit,ADFolder
  </AllowedChildTypes>
  <Fields>
    <Field name="Name" type="ShortText">
      <Configuration>
        <VisibleBrowse>Show</VisibleBrowse>
        <VisibleEdit>Show</VisibleEdit>
        <VisibleNew>Show</VisibleNew>
      </Configuration>
    </Field>
    <Field name="DisplayName" type="ShortText">
      <DisplayName>$Ctd-Domain,DisplayName-DisplayName</DisplayName>
      <Configuration>
        <VisibleBrowse>Hide</VisibleBrowse>
        <VisibleEdit>Hide</VisibleEdit>
        <VisibleNew>Hide</VisibleNew>
      </Configuration>
    </Field>
    <Field name="Description" type="LongText">
      <Configuration>
        <VisibleBrowse>Advanced</VisibleBrowse>
        <VisibleEdit>Advanced</VisibleEdit>
        <VisibleNew>Advanced</VisibleNew>
      </Configuration>
    </Field>
    <Field name="SyncGuid" type="ShortText">
      <DisplayName>$Ctd-Domain,SyncGuid-DisplayName</DisplayName>
      <Description>$Ctd-Domain,SyncGuid-Description</Description>
      <Configuration>
        <VisibleBrowse>Advanced</VisibleBrowse>
        <VisibleEdit>Advanced</VisibleEdit>
        <VisibleNew>Advanced</VisibleNew>
      </Configuration>
    </Field>
    <Field name="LastSync" type="DateTime">
      <DisplayName>$Ctd-Domain,LastSync-DisplayName</DisplayName>
      <Description>$Ctd-Domain,LastSync-Description</Description>
      <Configuration>
        <DateTimeMode>DateAndTime</DateTimeMode>
        <VisibleBrowse>Advanced</VisibleBrowse>
        <VisibleEdit>Advanced</VisibleEdit>
        <VisibleNew>Advanced</VisibleNew>
      </Configuration>
    </Field>
  </Fields>
</ContentType>