<ContentType name="WebServiceApplication" parentType="Application" handler="SenseNet.ApplicationModel.Application" xmlns="http://schemas.sensenet.com/SenseNet/ContentRepository/ContentTypeDefinition"><DisplayName>$Ctd-WebServiceApplication,DisplayName</DisplayName><Description>$Ctd-WebServiceApplication,Description</Description><Icon>File</Icon><Fields><Field name="Binary" type="Binary"><DisplayName>$Ctd-WebServiceApplication,Binary-DisplayName</DisplayName><Description>$Ctd-WebServiceApplication,Binary-Description</Description><Configuration><IsText>true</IsText></Configuration></Field></Fields></ContentType>