<?xml version="1.0" encoding="utf-8"?>
<ContentType name="Group" parentType="GenericContent" handler="SenseNet.ContentRepository.Group" xmlns="http://schemas.sensenet.com/SenseNet/ContentRepository/ContentTypeDefinition">
  <DisplayName>$Ctd-Group,DisplayName</DisplayName>
  <Description>$Ctd-Group,Description</Description>
  <Icon>Group</Icon>
  <Fields>
    <Field name="Members" type="Reference">
      <DisplayName>$Ctd-Group,Members-DisplayName</DisplayName>
      <Description>$Ctd-Group,Members-Description</Description>
      <Configuration>
        <!--<ReadOnly>true</ReadOnly>-->
        <AllowMultiple>true</AllowMultiple>
        <AllowedTypes>
          <Type>User</Type>
          <Type>Group</Type>
        </AllowedTypes>
        <SelectionRoot>
          <Path>/Root/IMS</Path>
          <Path>/Root</Path>
        </SelectionRoot>
      </Configuration>
    </Field>
    <Field name="SyncGuid" type="ShortText">
      <DisplayName>$Ctd-Group,SyncGuid-DisplayName</DisplayName>
      <Description>$Ctd-Group,SyncGuid-Description</Description>
      <Configuration>
        <VisibleBrowse>Advanced</VisibleBrowse>
        <VisibleEdit>Advanced</VisibleEdit>
        <VisibleNew>Hide</VisibleNew>
      </Configuration>
    </Field>
    <Field name="LastSync" type="DateTime">
      <DisplayName>$Ctd-Group,LastSync-DisplayName</DisplayName>
      <Description>$Ctd-Group,LastSync-Description</Description>
      <Configuration>
        <DateTimeMode>DateAndTime</DateTimeMode>
        <VisibleBrowse>Advanced</VisibleBrowse>
        <VisibleEdit>Advanced</VisibleEdit>
        <VisibleNew>Hide</VisibleNew>
      </Configuration>
    </Field>
    <Field name="Description" type="LongText">
      <Configuration>
        <VisibleBrowse>Advanced</VisibleBrowse>
        <VisibleEdit>Advanced</VisibleEdit>
        <VisibleNew>Advanced</VisibleNew>
      </Configuration>
    </Field>
  </Fields>
</ContentType>