<?xml version="1.0" encoding="utf-8"?>
<ContentType name="UserProfile" parentType="Workspace" handler="SenseNet.ContentRepository.UserProfile" xmlns="http://schemas.sensenet.com/SenseNet/ContentRepository/ContentTypeDefinition">
  <DisplayName>$Ctd-UserProfile,DisplayName</DisplayName>
  <Description>$Ctd-UserProfile,Description</Description>
  <Icon>UserProfile</Icon>
  <AllowedChildTypes>
    Blog,DocumentLibrary,EventList,MemoList,LinkList,TaskList,ImageLibrary,Posts,CustomList
  </AllowedChildTypes>
  <Fields>
    <Field name="IsWallContainer" type="Boolean">
      <Configuration>
        <VisibleBrowse>Advanced</VisibleBrowse>
        <VisibleEdit>Advanced</VisibleEdit>
        <VisibleNew>Show</VisibleNew>
        <DefaultValue>true</DefaultValue>
      </Configuration>
    </Field>
    <Field name="IsCritical" type="Boolean">
      <Configuration>
        <VisibleBrowse>Hide</VisibleBrowse>
        <VisibleEdit>Hide</VisibleEdit>
        <VisibleNew>Hide</VisibleNew>
      </Configuration>
    </Field>
    <Field name="Manager" type="Reference">
      <Configuration>
        <VisibleBrowse>Hide</VisibleBrowse>
        <VisibleEdit>Hide</VisibleEdit>
        <VisibleNew>Hide</VisibleNew>
      </Configuration>
    </Field>
    <Field name="Deadline" type="DateTime">
      <Configuration>
        <VisibleBrowse>Hide</VisibleBrowse>
        <VisibleEdit>Hide</VisibleEdit>
        <VisibleNew>Hide</VisibleNew>
      </Configuration>
    </Field>
    <Field name="IsActive" type="Boolean">
      <Configuration>
        <VisibleBrowse>Hide</VisibleBrowse>
        <VisibleEdit>Hide</VisibleEdit>
        <VisibleNew>Hide</VisibleNew>
      </Configuration>
    </Field>
    <Field name="User" type="Reference">
      <DisplayName>$Ctd-UserProfile,User-DisplayName</DisplayName>
      <Configuration>
        <AllowMultiple>false</AllowMultiple>
        <AllowedTypes>
          <Type>User</Type>
        </AllowedTypes>
        <SelectionRoot>
          <Path>/Root/IMS</Path>
        </SelectionRoot>
      </Configuration>
    </Field>
  </Fields>
</ContentType>