<?xml version="1.0" encoding="utf-8"?>
<ContentType name="FieldSettingContent" parentType="GenericContent" handler="SenseNet.ContentRepository.Schema.FieldSettingContent" xmlns="http://schemas.sensenet.com/SenseNet/ContentRepository/ContentTypeDefinition">
  <DisplayName>$Ctd-FieldSettingContent,DisplayName</DisplayName>
  <Description>$Ctd-FieldSettingContent,Description</Description>
  <Icon>fieldsetting</Icon>
  <Fields>
    <Field name="DisplayName" type="ShortText">
      <Configuration>
        <Compulsory>true</Compulsory>
      </Configuration>
    </Field>
    <Field name="Name" type="ShortText">
      <Description>$Ctd-FieldSettingContent,Name-Description</Description>
      <Configuration>
        <ControlHint>sn:ShortText</ControlHint>
      </Configuration>
    </Field>
    <Field name="Index" type="Integer">
      <Configuration>
        <VisibleBrowse>Hide</VisibleBrowse>
        <VisibleEdit>Hide</VisibleEdit>
        <VisibleNew>Hide</VisibleNew>
      </Configuration>
    </Field>
    <Field name="Version" type="Version">
      <Configuration>
        <VisibleBrowse>Hide</VisibleBrowse>
        <VisibleEdit>Hide</VisibleEdit>
        <VisibleNew>Hide</VisibleNew>
      </Configuration>
    </Field>
  </Fields>
</ContentType>