﻿<?xml version="1.0" encoding="utf-8"?>
<?xml-stylesheet type="text/xsl" href="view.xslt"?>
<Resources>
  <ResourceClass name="Ctd">
    <Languages>
      <Language cultureName="en">
        <data name="Enum-SmartFolder-EnableAutofilters-Default" xml:space="preserve">
          <value>Default</value>
        </data>
        <data name="Enum-SmartFolder-EnableAutofilters-Enabled" xml:space="preserve">
          <value>Enabled</value>
        </data>
        <data name="Enum-SmartFolder-EnableAutofilters-Disabled" xml:space="preserve">
          <value>Disabled</value>
        </data>
        <data name="Enum-SmartFolder-EnableLifespanFilter-Default" xml:space="preserve">
          <value>Default</value>
        </data>
        <data name="Enum-SmartFolder-EnableLifespanFilter-Enabled" xml:space="preserve">
          <value>Enabled</value>
        </data>
        <data name="Enum-SmartFolder-EnableLifespanFilter-Disabled" xml:space="preserve">
          <value>Disabled</value>
        </data>
        <data name="Enum-Application-IncludeBackUrl-Default" xml:space="preserve">
          <value>Default</value>
        </data>
        <data name="Enum-Application-IncludeBackUrl-True" xml:space="preserve">
          <value>True</value>
        </data>
        <data name="Enum-Application-IncludeBackUrl-False" xml:space="preserve">
          <value>False</value>
        </data>
        <data name="Enum-FieldSettingContent-DisplayChoices-DropDown" xml:space="preserve">
          <value>DropDown</value>
        </data>
        <data name="Enum-FieldSettingContent-DisplayChoices-RadioButtons" xml:space="preserve">
          <value>RadioButtons</value>
        </data>
        <data name="Enum-FieldSettingContent-DisplayChoices-CheckBoxes" xml:space="preserve">
          <value>CheckBoxes</value>
        </data>
        <data name="Enum-FieldSettingContent-VisibleBrowse-Show" xml:space="preserve">
          <value>Show</value>
        </data>
        <data name="Enum-FieldSettingContent-VisibleBrowse-Hide" xml:space="preserve">
          <value>Hide</value>
        </data>
        <data name="Enum-FieldSettingContent-VisibleBrowse-Advanced" xml:space="preserve">
          <value>Advanced</value>
        </data>
        <data name="Enum-FieldSettingContent-VisibleEdit-Show" xml:space="preserve">
          <value>Show</value>
        </data>
        <data name="Enum-FieldSettingContent-VisibleEdit-Hide" xml:space="preserve">
          <value>Hide</value>
        </data>
        <data name="Enum-FieldSettingContent-VisibleEdit-Advanced" xml:space="preserve">
          <value>Advanced</value>
        </data>
        <data name="Enum-FieldSettingContent-VisibleNew-Show" xml:space="preserve">
          <value>Show</value>
        </data>
        <data name="Enum-FieldSettingContent-VisibleNew-Hide" xml:space="preserve">
          <value>Hide</value>
        </data>
        <data name="Enum-FieldSettingContent-VisibleNew-Advanced" xml:space="preserve">
          <value>Advanced</value>
        </data>
        <data name="Enum-FieldSettingContent-TextType-LongText" xml:space="preserve">
          <value>LongText</value>
        </data>
        <data name="Enum-FieldSettingContent-TextType-RichText" xml:space="preserve">
          <value>RichText</value>
        </data>
        <data name="Enum-FieldSettingContent-TextType-AdvancedRichText" xml:space="preserve">
          <value>AdvancedRichText</value>
        </data>
        <data name="Enum-FieldSettingContent-YesNo-Yes" xml:space="preserve">
          <value>Yes</value>
        </data>
        <data name="Enum-FieldSettingContent-YesNo-No" xml:space="preserve">
          <value>No</value>
        </data>
        <data name="Enum-FieldSettingContent-DateTimeMode-None" xml:space="preserve">
          <value>None</value>
        </data>
        <data name="Enum-FieldSettingContent-DateTimeMode-Date" xml:space="preserve">
          <value>Date</value>
        </data>
        <data name="Enum-FieldSettingContent-DateTimeMode-DateAndTime" xml:space="preserve">
          <value>Date and time</value>
        </data>
        <data name="Enum-FieldSettingContent-UrlFormat-Hyperlink" xml:space="preserve">  
          <value>Hyperlink</value>
        </data>
        <data name="Enum-FieldSettingContent-UrlFormat-Picture" xml:space="preserve">
          <value>Picture</value>
        </data>
        <data name="Enum-FieldSettingContent-OutputMethod-Default" xml:space="preserve">
          <value>Default</value>
        </data>
        <data name="Enum-FieldSettingContent-OutputMethod-Raw" xml:space="preserve">
          <value>Raw</value>
        </data>
        <data name="Enum-FieldSettingContent-OutputMethod-Text" xml:space="preserve">
          <value>Text</value>
        </data>
        <data name="Enum-FieldSettingContent-OutputMethod-Html" xml:space="preserve">
          <value>Html</value>
        </data>
        <data name="Enum-GenericContent-SavingState-Finalized" xml:space="preserve">
          <value>Finalized</value>
        </data>
        <data name="Enum-GenericContent-SavingState-Creating" xml:space="preserve">
          <value>Creating</value>
        </data>
        <data name="Enum-GenericContent-SavingState-Modifying" xml:space="preserve">
          <value>Modifying</value>
        </data>
        <data name="Enum-GenericContent-SavingState-ModifyingLocked" xml:space="preserve">
          <value>ModifyingLocked</value>
        </data>
      </Language>
      <Language cultureName="hu">
        <data name="Enum-SmartFolder-EnableAutofilters-Default" xml:space="preserve">
          <value>Alapértelmezett</value>
        </data>
        <data name="Enum-SmartFolder-EnableAutofilters-Enabled" xml:space="preserve">
          <value>Engedélyezett</value>
        </data>
        <data name="Enum-SmartFolder-EnableAutofilters-Disabled" xml:space="preserve">
          <value>Tiltott</value>
        </data>
        <data name="Enum-SmartFolder-EnableLifespanFilter-Default" xml:space="preserve">
          <value>Alapértelmezett</value>
        </data>
        <data name="Enum-SmartFolder-EnableLifespanFilter-Enabled" xml:space="preserve">
          <value>Engedélyezett</value>
        </data>
        <data name="Enum-SmartFolder-EnableLifespanFilter-Disabled" xml:space="preserve">
          <value>Tiltott</value>
        </data>
        <data name="Enum-Application-IncludeBackUrl-Default" xml:space="preserve">
          <value>Alapértelmezett</value>
        </data>
        <data name="Enum-Application-IncludeBackUrl-True" xml:space="preserve">
          <value>Igen</value>
        </data>
        <data name="Enum-Application-IncludeBackUrl-False" xml:space="preserve">
          <value>Nem</value>
        </data>
        <data name="Enum-FieldSettingContent-DisplayChoices-DropDown" xml:space="preserve">
          <value>Lenyíló menü</value>
        </data>
        <data name="Enum-FieldSettingContent-DisplayChoices-RadioButtons" xml:space="preserve">
          <value>Rádiógombok</value>
        </data>
        <data name="Enum-FieldSettingContent-DisplayChoices-CheckBoxes" xml:space="preserve">
          <value>Jelölőnégyzetek</value>
        </data>
        <data name="Enum-FieldSettingContent-VisibleBrowse-Show" xml:space="preserve">
          <value>Megtekint</value>
        </data>
        <data name="Enum-FieldSettingContent-VisibleBrowse-Hide" xml:space="preserve">
          <value>Elrejt</value>
        </data>
        <data name="Enum-FieldSettingContent-VisibleBrowse-Advanced" xml:space="preserve">
          <value>Haladó mező</value>
        </data>
        <data name="Enum-FieldSettingContent-VisibleEdit-Show" xml:space="preserve">
          <value>Megjelenít</value>
        </data>
        <data name="Enum-FieldSettingContent-VisibleEdit-Hide" xml:space="preserve">
          <value>Elrejt</value>
        </data>
        <data name="Enum-FieldSettingContent-VisibleEdit-Advanced" xml:space="preserve">
          <value>Továbbiak</value>
        </data>
        <data name="Enum-FieldSettingContent-VisibleNew-Show" xml:space="preserve">
          <value>Megjelenít</value>
        </data>
        <data name="Enum-FieldSettingContent-VisibleNew-Hide" xml:space="preserve">
          <value>Elrejt</value>
        </data>
        <data name="Enum-FieldSettingContent-VisibleNew-Advanced" xml:space="preserve">
          <value>Továbbiak</value>
        </data>
        <data name="Enum-FieldSettingContent-TextType-LongText" xml:space="preserve">
          <value>Hosszú szöveg</value>
        </data>
        <data name="Enum-FieldSettingContent-TextType-RichText" xml:space="preserve">
          <value>Formázott szöveg</value>
        </data>
        <data name="Enum-FieldSettingContent-TextType-AdvancedRichText" xml:space="preserve">
          <value>Haladó formázott szöveg</value>
        </data>
        <data name="Enum-FieldSettingContent-YesNo-Yes" xml:space="preserve">
          <value>Igen</value>
        </data>
        <data name="Enum-FieldSettingContent-YesNo-No" xml:space="preserve">
          <value>Nem</value>
        </data>
        <data name="Enum-FieldSettingContent-DateTimeMode-None" xml:space="preserve">
          <value>Szövegmező</value>
        </data>
        <data name="Enum-FieldSettingContent-DateTimeMode-Date" xml:space="preserve">
          <value>Dátum</value>
        </data>
        <data name="Enum-FieldSettingContent-DateTimeMode-DateAndTime" xml:space="preserve">
          <value>Dátum és idő</value>
        </data>
        <data name="Enum-FieldSettingContent-UrlFormat-Hyperlink" xml:space="preserve">
          <value>Szöveges hivatkozás</value>
        </data>
        <data name="Enum-FieldSettingContent-UrlFormat-Picture" xml:space="preserve">
          <value>Kép</value>
        </data>
        <data name="Enum-FieldSettingContent-OutputMethod-Default" xml:space="preserve">
          <value>Alapértelmezett</value>
        </data>
        <data name="Enum-FieldSettingContent-OutputMethod-Raw" xml:space="preserve">
          <value>Nyers adat</value>
        </data>
        <data name="Enum-FieldSettingContent-OutputMethod-Text" xml:space="preserve">
          <value>Egyszerű szöveg</value>
        </data>
        <data name="Enum-FieldSettingContent-OutputMethod-Html" xml:space="preserve">
          <value>Html</value>
        </data>
        <data name="Enum-GenericContent-SavingState-Finalized" xml:space="preserve">
          <value>Kész</value>
        </data>
        <data name="Enum-GenericContent-SavingState-Creating" xml:space="preserve">
          <value>Létrehozás</value>
        </data>
        <data name="Enum-GenericContent-SavingState-Modifying" xml:space="preserve">
          <value>Módosítás</value>
        </data>
        <data name="Enum-GenericContent-SavingState-ModifyingLocked" xml:space="preserve">
          <value>ZároltMódosítás</value>
        </data>
      </Language>
    </Languages>
  </ResourceClass>
  <ResourceClass name="Ctd-Application">
    <Languages>
      <Language cultureName="en">
        <data name="DisplayName" xml:space="preserve">
            <value>Application</value>
          </data>
        <data name="Description" xml:space="preserve">
            <value>This is the base type for all executable content types.</value>
          </data>
        <data name="AppName-DisplayName" xml:space="preserve">
            <value>Application identifier</value>
          </data>
        <data name="Scenario-DisplayName" xml:space="preserve">
            <value>Scenario</value>
          </data>
        <data name="Scenario-Description" xml:space="preserve">
            <value>Enter a list of scenarios to display this application in, separated with ',' or ';'.</value>
          </data>
        <data name="ActionTypeName-DisplayName" xml:space="preserve">
            <value>Action type name</value>
          </data>
        <data name="ActionTypeName-Description" xml:space="preserve">
            <value>For developers only. The name of the class that executes the action if it is not the default.</value>
          </data>
        <data name="ModalAction-DisplayName" xml:space="preserve">
            <value>Modal action</value>
          </data>
        <data name="ModalAction-Description" xml:space="preserve">
            <value>Check this box if this application is a modal dialog that, after completion, returns the user to where he came from.</value>
          </data>
        <data name="Disabled-DisplayName" xml:space="preserve">
            <value>Disabled</value>
          </data>
        <data name="Disabled-Description" xml:space="preserve">
            <value>Check this box if you wish to disable this application. This setting only disables this application, all apps above it will remain active!</value>
          </data>
        <data name="Clear-DisplayName" xml:space="preserve">
            <value>Clear</value>
          </data>
        <data name="Clear-Description" xml:space="preserve">
            <value>Check this box if you wish to clear this application and all applications above with this name.</value>
          </data>
        <data name="IconIdentifier-DisplayName" xml:space="preserve">
            <value>Icon identifier</value>
          </data>
        <data name="IconIdentifier-Description" xml:space="preserve">
            <value>The string identifier of the Application's icon. This icon will be displayed in menus and action links.</value>
          </data>
        <data name="StyleHint-DisplayName" xml:space="preserve">
            <value>Style hint</value>
          </data>
        <data name="StyleHint-Description" xml:space="preserve">
            <value>A style hint to be interpreted by the rendering engine.</value>
          </data>
        <data name="RequiredPermissions-DisplayName" xml:space="preserve">
            <value>Required permissions</value>
          </data>
        <data name="RequiredPermissions-Description" xml:space="preserve">
            <value>Select the permissions needed to run the application on a Node.</value>
          </data>
        <data name="DeepPermissionCheck-DisplayName" xml:space="preserve">
            <value>Deep permission check</value>
          </data>
        <data name="DeepPermissionCheck-Description" xml:space="preserve">
            <value>Check the required permissions for the entire subtree under the context.</value>
          </data>
        <data name="IncludeBackUrl-DisplayName" xml:space="preserve">
            <value>Include back url</value>
          </data>
        <data name="IncludeBackUrl-Description" xml:space="preserve">
            <value>If set to False, the action link will not contain a back url.</value>
          </data>
        <data name="CacheControl-DisplayName" xml:space="preserve">
            <value>Cache-Control</value>
          </data>
        <data name="CacheControl-Description" xml:space="preserve">
            <value>The response is generated with the selected Cache-control headers.</value>
          </data>
        <data name="CacheControl-Nondefined" xml:space="preserve">
            <value>Nondefined</value>
          </data>
        <data name="CacheControl-NoCache" xml:space="preserve">
            <value>NoCache</value>
          </data>
        <data name="CacheControl-Private" xml:space="preserve">
            <value>Private</value>
          </data>
        <data name="CacheControl-Public" xml:space="preserve">
            <value>Public</value>
          </data>
        <data name="CacheControl-Server" xml:space="preserve">
            <value>Server</value>
          </data>
        <data name="CacheControl-ServerAndNoCache" xml:space="preserve">
            <value>ServerAndNoCachel</value>
          </data>
        <data name="CacheControl-ServerAndPrivate" xml:space="preserve">
            <value>ServerAndPrivate</value>
          </data>
        <data name="MaxAge-DisplayName" xml:space="preserve">
            <value>Max-age</value>
          </data>
        <data name="MaxAge-Description" xml:space="preserve">
            <value>An integer value in seconds for Cache-control: maxage=x header to be sent out.</value>
          </data>
        <data name="CustomUrlParameters-DisplayName" xml:space="preserve">
            <value>Custom url parameters</value>
          </data>
        <data name="CustomUrlParameters-Description" xml:space="preserve">
            <value>Add custom parameters here to extend the functionality of the action. E.g. type=customvalue&amp;mode=2.</value>
          </data>
      </Language>
      <Language cultureName="hu">
        <data name="DisplayName" xml:space="preserve">
            <value>Alkalmazás</value>
          </data>
        <data name="Description" xml:space="preserve">
            <value>Minden végrehajtható tartalomtípus őse.</value>
          </data>
        <data name="AppName-DisplayName" xml:space="preserve">
            <value>Alkalmazás azonosító</value>
          </data>
        <data name="Scenario-DisplayName" xml:space="preserve">
            <value>Szcenárió</value>
          </data>
        <data name="Scenario-Description" xml:space="preserve">
            <value>Adja meg a szcenáriók listáját, amelyekben használná, vesszővel vagy pontosvesszővel elválasztva.</value>
          </data>
        <data name="ActionTypeName-DisplayName" xml:space="preserve">
            <value>Művelettípus név</value>
          </data>
        <data name="ActionTypeName-Description" xml:space="preserve">
            <value>Csak fejlesztőknek. Az műveletet végrehajtó osztály neve, amennyiben eltér az alapértelmezettől.</value>
          </data>
        <data name="ModalAction-DisplayName" xml:space="preserve">
            <value>Modális művelet</value>
          </data>
        <data name="ModalAction-Description" xml:space="preserve">
            <value>Kapcsolja be, ha szeretné hogy ez az alkalmazás modális ablakban nyíljon meg, majd a befejezés után térjen vissza oda ahonnan megnyitották.</value>
          </data>
        <data name="Disabled-DisplayName" xml:space="preserve">
            <value>Tiltott</value>
          </data>
        <data name="Disabled-Description" xml:space="preserve">
            <value>Kapcsolja be, ha szeretné tiltani ezt az alkalmazást. Csak ezt az application-t tiltja, a láncban feljebb állók aktívak maradnak.</value>
          </data>
        <data name="Clear-DisplayName" xml:space="preserve">
            <value>Kikapcsolás</value>
          </data>
        <data name="Clear-Description" xml:space="preserve">
            <value>Állítsa be, ha szeretné kikapcsolni ezt az alkalmazást és a láncban feljebb az összes ugyanilyen nevűt.</value>
          </data>
        <data name="IconIdentifier-DisplayName" xml:space="preserve">
            <value>Ikon</value>
          </data>
        <data name="IconIdentifier-Description" xml:space="preserve">
            <value>Az alkalmazáshoz tartozó ikon neve. Ez az ikon fog megjelenni a menükben és művelet gombokon.</value>
          </data>
        <data name="StyleHint-DisplayName" xml:space="preserve">
            <value>Stílus beállítás</value>
          </data>
        <data name="StyleHint-Description" xml:space="preserve">
            <value>Egyedi megjelenítési beállítás. Csak belső használatra, a portál motor számára.</value>
          </data>
        <data name="RequiredPermissions-DisplayName" xml:space="preserve">
            <value>Szükséges jogosultságok</value>
          </data>
        <data name="RequiredPermissions-Description" xml:space="preserve">
            <value>Válassza ki a jogosultságokat, amik szükségesek az alkalmazás futtatásához!</value>
          </data>
        <data name="DeepPermissionCheck-DisplayName" xml:space="preserve">
            <value>Szükséges jogosultságok mélységben</value>
          </data>
        <data name="DeepPermissionCheck-Description" xml:space="preserve">
            <value>Kapcsolja be, ha a szükséges jogosultságok a tartalom alatti teljes struktúrára értendők!</value>
          </data>
        <data name="IncludeBackUrl-DisplayName" xml:space="preserve">
            <value>Visszatérési url használata</value>
          </data>
        <data name="IncludeBackUrl-Description" xml:space="preserve">
            <value>Ha nem állítjuk be, a művelethivatkozás nem fogja tartalmazni a visszatérési urlt.</value>
          </data>
        <data name="CacheControl-DisplayName" xml:space="preserve">
            <value>Cache-Control</value>
          </data>
        <data name="CacheControl-Description" xml:space="preserve">
            <value>Kliens oldali gyorsítótárazás vezérlése. Milyen header kerüljön a web-response-ba (cache-control headers).</value>
          </data>
        <data name="CacheControl-Nondefined" xml:space="preserve">
            <value>Nincs megadva (Nondefined)</value>
          </data>
        <data name="CacheControl-NoCache" xml:space="preserve">
            <value>Nincs (NoCache)</value>
          </data>
        <data name="CacheControl-Private" xml:space="preserve">
            <value>Privát (Private)</value>
          </data>
        <data name="CacheControl-Public" xml:space="preserve">
            <value>Publikus (Public)</value>
          </data>
        <data name="CacheControl-Server" xml:space="preserve">
            <value>Szerver (Server)</value>
          </data>
        <data name="CacheControl-ServerAndNoCache" xml:space="preserve">
            <value>Szerver és nincs (ServerAndNoCache)</value>
          </data>
        <data name="CacheControl-ServerAndPrivate" xml:space="preserve">
            <value>Szerver és privát (ServerAndPrivate)</value>
          </data>
        <data name="MaxAge-DisplayName" xml:space="preserve">
            <value>Max-age</value>
          </data>
        <data name="MaxAge-Description" xml:space="preserve">
            <value>Ezt a másodpercekben megadott számot küldje ki a portál a Cache-control-hoz a maxage header-ben.</value>
          </data>
        <data name="CustomUrlParameters-DisplayName" xml:space="preserve">
            <value>Saját url-paraméterek</value>
          </data>
        <data name="CustomUrlParameters-Description" xml:space="preserve">
            <value>Saját url-paraméterek megadása a művelet funkcionalitásának kiegészítéséhez, pl. type=customvalue&amp;mode=2.</value>
          </data>
      </Language>
    </Languages>
  </ResourceClass>
  <ResourceClass name="Ctd-ApplicationOverride">
    <Languages>
      <Language cultureName="en">
        <data name="DisplayName" xml:space="preserve">
          <value>Application Override</value>
        </data>
        <data name="Description" xml:space="preserve">
          <value>Modifies one or more attributes of the original application.</value>
        </data>
      </Language>
      <Language cultureName="hu">
        <data name="DisplayName" xml:space="preserve">
          <value>Alkalmazás módosító</value>
        </data>
        <data name="Description" xml:space="preserve">
          <value>Módosítja az eredeti alkalmazás egy vagy több tulajdonságát.</value>
        </data>
      </Language>
    </Languages>
  </ResourceClass>
  <ResourceClass name="Ctd-Aspect">
    <Languages>
      <Language cultureName="en">
        <data name="DisplayName" xml:space="preserve">
          <value>Aspect</value>
        </data>
        <data name="Description" xml:space="preserve">
          <value>Aspect base type.</value>
        </data>
        <data name="DisplayName-DisplayName" xml:space="preserve">
          <value>Aspect title</value>
        </data>
        <data name="AspectDefinition-DisplayName" xml:space="preserve">
          <value>Aspect definition</value>
        </data>
        <data name="AspectDefinition-Description" xml:space="preserve">
          <value>Definition of the extension in XML format.</value>
        </data>
      </Language>
      <Language cultureName="hu">
        <data name="DisplayName" xml:space="preserve">
          <value>Aspektus</value>
        </data>
        <data name="Description" xml:space="preserve">
          <value>Aspektus alaptípus.</value>
        </data>
        <data name="DisplayName-DisplayName" xml:space="preserve">
          <value>Aspektus címe</value>
        </data>
        <data name="AspectDefinition-DisplayName" xml:space="preserve">
          <value>Aspektus definíció</value>
        </data>
        <data name="AspectDefinition-Description" xml:space="preserve">
          <value>A kiegészítés definiciója XML formátumban.</value>
        </data>
      </Language>
    </Languages>
  </ResourceClass>
</Resources>
