<?xml version="1.0" encoding="utf-8"?>
<ContentType name="File" parentType="GenericContent" handler="SenseNet.ContentRepository.File" xmlns="http://schemas.sensenet.com/SenseNet/ContentRepository/ContentTypeDefinition">
  <DisplayName>$Ctd-File,DisplayName</DisplayName>
  <Description>$Ctd-File,Description</Description>
  <Icon>File</Icon>
  <Preview>true</Preview>
  <Fields>
    <Field name="Binary" type="Binary">
      <DisplayName>$Ctd-File,Binary-DisplayName</DisplayName>
      <Description>$Ctd-File,Binary-Description</Description>
      <Indexing>
        <Analyzer>Lucene.Net.Analysis.Standard.StandardAnalyzer</Analyzer>
      </Indexing>
      <Configuration>
        <VisibleBrowse>Show</VisibleBrowse>
        <VisibleEdit>Hide</VisibleEdit>
        <VisibleNew>Hide</VisibleNew>
      </Configuration>
    </Field>
    <Field name="Name" type="ShortText">
      <Configuration>
        <VisibleBrowse>Show</VisibleBrowse>
        <VisibleEdit>Show</VisibleEdit>
        <VisibleNew>Show</VisibleNew>
      </Configuration>
    </Field>
    <Field name="DisplayName" type="ShortText">
      <Configuration>
        <VisibleBrowse>Hide</VisibleBrowse>
        <VisibleEdit>Hide</VisibleEdit>
        <VisibleNew>Hide</VisibleNew>
      </Configuration>
    </Field>
    <Field name="ModifiedBy" type="Reference">
      <Configuration>
        <VisibleBrowse>Advanced</VisibleBrowse>
        <VisibleEdit>Hide</VisibleEdit>
        <VisibleNew>Hide</VisibleNew>
      </Configuration>
    </Field>
    <Field name="ModificationDate" type="DateTime">
      <Configuration>
        <VisibleBrowse>Advanced</VisibleBrowse>
        <VisibleEdit>Hide</VisibleEdit>
        <VisibleNew>Hide</VisibleNew>
      </Configuration>
    </Field>
    <Field name="Locked" type="Boolean">
      <Configuration>
        <VisibleBrowse>Advanced</VisibleBrowse>
        <VisibleEdit>Hide</VisibleEdit>
        <VisibleNew>Hide</VisibleNew>
      </Configuration>
    </Field>
    <Field name="Size" type="Number">
      <DisplayName>$Ctd-File,Size-DisplayName</DisplayName>
      <Description>$Ctd-File,Size-Description</Description>
      <Configuration>
        <VisibleBrowse>Hide</VisibleBrowse>
        <VisibleEdit>Hide</VisibleEdit>
        <VisibleNew>Hide</VisibleNew>
        <ReadOnly>true</ReadOnly>
      </Configuration>
    </Field>
    <Field name="FullSize" type="Number">
      <DisplayName>$Ctd-File,FullSize-DisplayName</DisplayName>
      <Description>$Ctd-File,FullSize-Description</Description>
      <Configuration>
        <VisibleBrowse>Hide</VisibleBrowse>
        <VisibleEdit>Hide</VisibleEdit>
        <VisibleNew>Hide</VisibleNew>
        <ReadOnly>true</ReadOnly>
      </Configuration>
    </Field>
    <Field name="PageCount" type="Integer">
      <DisplayName>$Ctd-File,PageCount-DisplayName</DisplayName>
      <Description>$Ctd-File,PageCount-Description</Description>
      <Configuration>
        <VisibleBrowse>Show</VisibleBrowse>
        <VisibleEdit>Hide</VisibleEdit>
        <VisibleNew>Hide</VisibleNew>
        <DefaultValue>-4</DefaultValue>
      </Configuration>
    </Field>
    <Field name="MimeType" type="ShortText">
      <DisplayName>$Ctd-File,MimeType-DisplayName</DisplayName>
      <Configuration>
        <VisibleBrowse>Hide</VisibleBrowse>
        <VisibleEdit>Hide</VisibleEdit>
        <VisibleNew>Hide</VisibleNew>
        <ReadOnly>true</ReadOnly>
      </Configuration>
    </Field>
    <Field name="Version" type="Version">
      <Configuration>
        <VisibleBrowse>Show</VisibleBrowse>
        <VisibleEdit>Advanced</VisibleEdit>
        <VisibleNew>Hide</VisibleNew>
      </Configuration>
    </Field>
    <Field name="Description" type="LongText">
      <Configuration>
        <VisibleBrowse>Advanced</VisibleBrowse>
        <VisibleEdit>Advanced</VisibleEdit>
        <VisibleNew>Advanced</VisibleNew>
      </Configuration>
    </Field>
    <Field name="Shapes" type="LongText">
      <DisplayName>$Ctd-File,Shapes-DisplayName</DisplayName>
      <Description>$Ctd-File,Shapes-Description</Description>
      <Configuration>
        <VisibleBrowse>Advanced</VisibleBrowse>
        <VisibleEdit>Advanced</VisibleEdit>
        <VisibleNew>Advanced</VisibleNew>
      </Configuration>
    </Field>
    <Field name="PageAttributes" type="LongText">
      <DisplayName>$Ctd-File,PageAttributes-DisplayName</DisplayName>
      <Description>$Ctd-File,PageAttributes-Description</Description>
      <Configuration>
        <VisibleBrowse>Advanced</VisibleBrowse>
        <VisibleEdit>Advanced</VisibleEdit>
        <VisibleNew>Advanced</VisibleNew>
      </Configuration>
    </Field>
    <Field name="Watermark" type="ShortText">
      <DisplayName>$Ctd-File,Watermark-DisplayName</DisplayName>
      <Description>$Ctd-File,Watermark-Description</Description>
      <Configuration>
        <VisibleBrowse>Advanced</VisibleBrowse>
        <VisibleEdit>Advanced</VisibleEdit>
        <VisibleNew>Advanced</VisibleNew>
      </Configuration>
    </Field>
  </Fields>
</ContentType>