<?xml version="1.0" encoding="utf-8"?>
<ContentType name="Resource" parentType="SystemFile" handler="SenseNet.ContentRepository.i18n.Resource" xmlns="http://schemas.sensenet.com/SenseNet/ContentRepository/ContentTypeDefinition">
  <DisplayName>$Ctd-Resource,DisplayName</DisplayName>
  <Description>$Ctd-Resource,Description</Description>
  <Icon>Resource</Icon>
  <Fields>
    <Field name="Binary" type="Binary">
      <DisplayName>$Ctd-Resource,Binary-DisplayName</DisplayName>
      <Configuration>
        <VisibleBrowse>Show</VisibleBrowse>
        <VisibleEdit>Show</VisibleEdit>
        <VisibleNew>Show</VisibleNew>
        <IsText>true</IsText>
      </Configuration>
    </Field>
    <Field name="Downloads" type="Number">
      <DisplayName>$Ctd-Resource,Downloads-DisplayName</DisplayName>
      <Description>$Ctd-Resource,Downloads-Description</Description>
      <Configuration>
        <VisibleBrowse>Hide</VisibleBrowse>
        <VisibleEdit>Hide</VisibleEdit>
        <VisibleNew>Hide</VisibleNew>
        <ReadOnly>true</ReadOnly>
      </Configuration>
    </Field>
    <Field name="Size" type="Number">
      <DisplayName>$Ctd-Resource,Size-DisplayName</DisplayName>
      <Description>$Ctd-Resource,Size-Description</Description>
      <Configuration>
        <ReadOnly>true</ReadOnly>
      </Configuration>
    </Field>
    <Field name="FullSize" type="Number">
      <DisplayName>$Ctd-Resource,FullSize-DisplayName</DisplayName>
      <Description>$Ctd-Resource,FullSize-Description</Description>
      <Configuration>
        <ReadOnly>true</ReadOnly>
      </Configuration>
    </Field>
  </Fields>
</ContentType>