<Package type='Tool'>
  <Id>SenseNet.Import</Id>
  <Description>sensenet ECM tool for importing content items to the Content Repository from the file system.</Description>
  <ReleaseDate>2017-04-05</ReleaseDate>
  <Version>7.0.0</Version>
  <Dependencies>
    <Dependency id='SenseNet.Services' minVersion='7.0.0' />
  </Dependencies>
  <Parameters>
    <Parameter name="@source" description="File system path of the folder or file to import (mandatory)." />
    <Parameter name="@target" description="Content path of the container where the content items will be imported.">/Root</Parameter>
    <Parameter name="@resetSecurity" description="Whether to clear and rebuild the security database after importing.">False</Parameter>
    <Parameter name="@sourceIsRelativeTo" description="If @source is a relative path, where to look for it. Possible values: Package, TargetDirectory.">Package</Parameter>
    <Parameter name="@logLevel" description="The amount of log information you want to see. Possible values: Info, Progress, Verbose.">Verbose</Parameter>
  </Parameters>
  <Steps>
    <Phase>
      <StartRepository />
      <Import Source="@source" Target="@target" ResetSecurity="@resetSecurity" SourceIsRelativeTo="@sourceIsRelativeTo" LogLevel="@logLevel" />
    </Phase>
  </Steps>
</Package>